{"cameraMode":{"drawMode":0,"name":"Shaded","section":"Shading Mode"},"sceneLighting":true,"audioPlay":false,"sceneViewState":{"m_AlwaysRefresh":false,"showFog":true,"showSkybox":false,"showFlares":true,"showImageEffects":true,"showParticleSystems":true,"showVisualEffectGraphs":true,"m_FxEnabled":true},"in2DMode":false,"pivot":{"x":3.596449375152588,"y":-5.6332855224609379,"z":180.86492919921876},"rotation":{"x":-0.01230634469538927,"y":0.021593483164906503,"z":-0.00026323512429371476,"w":-0.9997148513793945},"size":95.61304473876953,"orthographic":false}