{"cameraMode":{"drawMode":0,"name":"Shaded","section":"Shading Mode"},"sceneLighting":true,"audioPlay":false,"sceneViewState":{"m_AlwaysRefresh":false,"showFog":true,"showSkybox":false,"showFlares":true,"showImageEffects":true,"showParticleSystems":true,"showVisualEffectGraphs":true,"m_FxEnabled":true},"in2DMode":false,"pivot":{"x":1.4352036714553834,"y":-0.7347683906555176,"z":7.608777046203613},"rotation":{"x":-0.1808014214038849,"y":-0.011214882135391236,"z":0.002063354244455695,"w":-0.9834749698638916},"size":8.23960018157959,"orthographic":false}