{"cameraMode":{"drawMode":0,"name":"Shaded","section":"Shading Mode"},"sceneLighting":true,"audioPlay":false,"sceneViewState":{"m_AlwaysRefresh":false,"showFog":true,"showSkybox":false,"showFlares":true,"showImageEffects":true,"showParticleSystems":true,"showVisualEffectGraphs":true,"m_FxEnabled":true},"in2DMode":false,"pivot":{"x":3.270193099975586,"y":2.8504621982574465,"z":0.06329536437988281},"rotation":{"x":0.013169425539672375,"y":-0.056369878351688388,"z":-0.00074359419522807,"w":-0.9983357787132263},"size":6.4657301902771,"orthographic":false}