{"cameraMode":{"drawMode":0,"name":"Shaded","section":"Shading Mode"},"sceneLighting":true,"audioPlay":false,"sceneViewState":{"m_AlwaysRefresh":false,"showFog":true,"showSkybox":false,"showFlares":true,"showImageEffects":true,"showParticleSystems":true,"showVisualEffectGraphs":true,"m_FxEnabled":true},"in2DMode":false,"pivot":{"x":-21.831771850585939,"y":2.1083712577819826,"z":179.9549102783203},"rotation":{"x":-0.01230634469538927,"y":0.021593483164906503,"z":-0.00026323512429371476,"w":-0.9997148513793945},"size":106.27271270751953,"orthographic":false}